{
	"sites": {
		"altadefinizione1": {
			"link": "https://altadefinizione.dance/",
			"is_cloudflare": false,
			"timeout": 8,
			"works": true
		},

		"altadefinizione2": {
			"link": "https://altadefinizione01.works/",
			"is_cloudflare": false,
			"timeout": 8,
			"works": true
		},

		"altadefinizione3": {
			"link": "https://www.altadefinizione01.photo/",
			"is_cloudflare": false,
			"timeout": 8,
			"works": true
		},

		"altadefinizione4": {
			"link": "https://altadefinizione.cards",
			"is_cloudflare": false,
			"timeout": 8,
			"works": false
		},

		"altadefinizione5": {
			"link": "https://altadefinizione.ph/",
			"is_cloudflare": false,
			"timeout": 8,
			"works": true
		},

		"altadefinizione6": {
			"link": "https://altadefinizione.la/",
			"is_cloudflare": false,
			"timeout": 8,
			"works": true
		},

		"altadefinizione7": {
			"link": "https://altadefinizione01.tips/",
			"is_cloudflare": false,
			"timeout": 8,
			"works": true
		},

		"cineblog01": {
			"link": "https://cineblog01.bid/",
			"is_cloudflare": false,
			"timeout": 8,
			"works": true
		},

		"eurostreaming1": {
			"link": "https://eurostreaming.wiki/",
			"is_cloudflare": false,
			"timeout": 8,
			"works": true
		},

		"eurostreaming2": {
			"link": "https://www.eurostreaming.camp/",
			"is_cloudflare": false,
			"timeout": 8,
			"works": true
		},

		"eurostreaming3": {
			"link": "https://eurostreaming.estate/",
			"is_cloudflare": false,
			"timeout": 8,
			"works": true
		},

		"ilgeniodellostreaming1": {
			"link": "https://ilgeniodellostreaming.cat/",
			"is_cloudflare": true,
			"timeout": 30,
			"works": false
		},

		"ilgeniodellostreaming2": {
			"link": "https://ilgeniodellostreaming.gold/",
			"is_cloudflare": false,
			"timeout": 8,
			"works": true
		},

		"italiaserie": {
			"link": "https://italiaserie.space/",
			"is_cloudflare": false,
			"timeout": 8,
			"works": true
		},

		"piratestreaming": {
			"link": "https://www.piratestreaming.date/",
			"is_cloudflare": false,
			"timeout": 8,
			"works": true
		},

		"serietvu": {
			"link": "https://www.serietvu.link/",
			"is_cloudflare": false,
			"timeout": 8,
			"works": true
		}
	}
}
