{
	"sites": {
		"altadefinizione1": {
			"link": "https://altadefinizione.capital/",
			"is_cloudflare": false,
			"timeout": 8,
			"works": true
		},

		"altadefinizione2": {
			"link": "https://www.altadefinizione01.software/",
			"is_cloudflare": false,
			"timeout": 8,
			"works": true
		},

		"altadefinizione3": {
			"link": "https://www.altadefinizione01.games/",
			"is_cloudflare": false,
			"timeout": 8,
			"works": true
		},

		"altadefinizione6": {
			"link": "https://altadefinizione.la/",
			"is_cloudflare": false,
			"timeout": 8,
			"works": true
		},

		"altadefinizione7": {
			"link": "https://altadefinizione01.house/",
			"is_cloudflare": false,
			"timeout": 8,
			"works": true
		},

		"altadefinizione8": {
			"link": "https://www.altadefinizione.name/",
			"is_cloudflare": false,
			"timeout": 8,
			"works": true
		},

		"cineblog01": {
			"link": "https://cineblog01.bid/",
			"is_cloudflare": false,
			"timeout": 8,
			"works": true
		},

		"eurostreaming1": {
			"link": "https://eurostreaming.team/",
			"is_cloudflare": false,
			"timeout": 8,
			"works": true
		},

		"eurostreaming2": {
			"link": "https://www.eurostreaming.ltd/",
			"is_cloudflare": false,
			"timeout": 8,
			"works": false
		},

		"eurostreaming3": {
			"link": "https://eurostreaming.app/",
			"is_cloudflare": false,
			"timeout": 8,
			"works": true
		},

		"piratestreaming": {
			"link": "https://www.piratestreaming.guru/",
			"is_cloudflare": false,
			"timeout": 8,
			"works": true
		},

		"serietvu": {
			"link": "https://www.serietvu.link/",
			"is_cloudflare": false,
			"timeout": 8,
			"works": true
		}
	}
}
