{
	"sites": {
		"altadefinizione1": {
			"link": "https://altadefinizione.dance/",
			"is_cloudflare": true,
			"timeout": 40
		},

		"altadefinizione2": {
			"link": "https://altadefinizione01.works/",
			"is_cloudflare": false,
			"timeout": 8
		},

		"altadefinizione3": {
			"link": "https://www.altadefinizione01.photo/",
			"is_cloudflare": false,
			"timeout": 8
		},

		"altadefinizione4": {
			"link": "https://altadefinizione.cards",
			"is_cloudflare": false,
			"timeout": 8
		},

		"altadefinizione5": {
			"link": "https://altadefinizione.ph/",
			"is_cloudflare": false,
			"timeout": 8
		},

		"altadefinizione6": {
			"link": "https://altadefinizione.la/",
			"is_cloudflare": false,
			"timeout": 8
		},

		"altadefinizione7": {
			"link": "https://altadefinizione01.review/",
			"is_cloudflare": false,
			"timeout": 8
		},

		"animeleggendari": {
			"link": "https://animepertutti.com/",
			"is_cloudflare": false,
			"timeout": 8
		},

		"cineblog01": {
			"link": "https://cineblog01.bid/",
			"is_cloudflare": false,
			"timeout": 8
		},

		"eurostreaming1": {
			"link": "https://eurostreaming.wiki/",
			"is_cloudflare": false,
			"timeout": 8
		},

		"eurostreaming2": {
			"link": "https://www.eurostreaming.camp/",
			"is_cloudflare": false,
			"timeout": 8
		},

		"eurostreaming3": {
			"link": "https://eurostreaming.estate/",
			"is_cloudflare": false,
			"timeout": 8
		},

		"guardareserie1": {
			"link": "https://www.guardaserie.date/",
			"is_cloudflare": false,
			"timeout": 8
		},

		"ilgeniodellostreaming1": {
			"link": "https://ilgeniodellostreaming.cat/",
			"is_cloudflare": true,
			"timeout": 30
		},

		"ilgeniodellostreaming2": {
			"link": "https://ilgeniodellostreaming.gold/",
			"is_cloudflare": false,
			"timeout": 40
		},

		"italiaserie": {
			"link": "https://italiaserie.org/",
			"is_cloudflare": false,
			"timeout": 8
		},

		"piratestreaming": {
			"link": "https://www.piratestreaming.date/",
			"is_cloudflare": false,
			"timeout": 8
		},

		"seriehd": {
			"link": "https://www.seriehd.digital/",
			"is_cloudflare": false,
			"timeout": 8
		},

		"serietvu": {
			"link": "https://www.serietvu.link/",
			"is_cloudflare": false,
			"timeout": 8
		}
	}
}