{
	"sites": {
		"altadefinizione1": "https://altadefinizione.dance/",
		"altadefinizione2": "https://altadefinizione01.dance/",
		"altadefinizione3": "https://www.altadefinizione01.green/",
		"altadefinizione4": "https://altadefinizione.care",
		"altadefinizione5": "https://altadefinizione.sh/",
		"altadefinizione6": "https://altadefinizione.la/",
		"altadefinizione7": "https://altadefinizione01.house/",
		"animeleggendari": "https://animepertutti.com/",
		"cineblog01": "https://cineblog01.love/",
		"eurostreaming1": "https://eurostreaming.page/",
		"guardareserie1": "https://www.guardaserie.fit/",
		"ilgeniodellostreaming1": "https://ilgeniodellostreaming.gy/",
		"ilgeniodellostreaming2": "https://ilgeniodellostreaming.cam/",
		"italiaserie": "https://italiaserie.org/",
		"piratestreaming": "https://www.piratestreaming.deals/",
		"seriehd": "https://www.seriehd.digital/",
		"serietvu": "https://www.serietvu.link/",
	}
}