<?xml version="1.0" encoding="UTF-8"?>
<addon id="plugin.poorflix.it-3" name="Poorflix" version="1.0.5" provider-name="An0nimia">
	<requires>
		<import addon="xbmc.python" version="3.0.0"/>
		<import addon="script.module.beautifulsoup4" version="4.6.0"/>
		<import addon="script.module.requests" version="2.22.0"/>
	</requires>
	<extension point="xbmc.python.pluginsource" library="main.py">
		<provides>video</provides>
	</extension>
	<extension point="xbmc.addon.metadata">
		<summary>Poorflix</summary>
		<description>Un po' come Netflix, ma per persone povere</description>
		<disclaimer>Il mio scopo? E' quello di poter permettere a chiunque, GRATIS, di poter guardare film/serie tv etc. Ogni contenuto non è di mia proprietà, ma "preso in prestito" da i vari siti di streaming italiani presenti sul web. CHILL =) W LA PIZZA</disclaimer>
		<assets>
			<icon>poorflix.png</icon>
			<fanart>back.jpg</fanart>
		</assets>
		<platform>all</platform>
		<license>CC BY-NC-SA 4.0</license>
		<news>Si sboccia poveri !!!</news>
		<source>https://github.com/An0nimia/plugin.poorflix.it</source>
		<email>An0nimia@protonmail.com</email>
	</extension>
</addon>