{
	"sites": {
		"altadefinizione1": {
			"link": "https://altadefinizione.tours/",
			"is_cloudflare": false,
			"timeout": 8,
			"works": true
		},

		"altadefinizione2": {
			"link": "https://www.altadefinizione01.software/",
			"is_cloudflare": false,
			"timeout": 8,
			"works": true
		},

		"altadefinizione3": {
			"link": "https://www.altadefinizione01.games/",
			"is_cloudflare": false,
			"timeout": 8,
			"works": true
		},

		"altadefinizione4": {
			"link": "https://altadefinizione.cards",
			"is_cloudflare": false,
			"timeout": 8,
			"works": false
		},

		"altadefinizione5": {
			"link": "https://altadefinizione.gg/",
			"is_cloudflare": false,
			"timeout": 8,
			"works": false
		},

		"altadefinizione6": {
			"link": "https://altadefinizione.la/",
			"is_cloudflare": false,
			"timeout": 8,
			"works": true
		},

		"altadefinizione7": {
			"link": "https://altadefinizione01.tours/",
			"is_cloudflare": false,
			"timeout": 8,
			"works": true
		},

		"cineblog01": {
			"link": "https://cineblog01.bid/",
			"is_cloudflare": false,
			"timeout": 8,
			"works": true
		},

		"eurostreaming1": {
			"link": "https://eurostreaming.tube/",
			"is_cloudflare": false,
			"timeout": 8,
			"works": true
		},

		"eurostreaming2": {
			"link": "https://www.eurostreaming.ltd/",
			"is_cloudflare": false,
			"timeout": 8,
			"works": true
		},

		"eurostreaming3": {
			"link": "https://eurostreaming.app/",
			"is_cloudflare": false,
			"timeout": 8,
			"works": true
		},

		"ilgeniodellostreaming1": {
			"link": "https://ilgeniodellostreaming.cat/",
			"is_cloudflare": true,
			"timeout": 30,
			"works": false
		},

		"ilgeniodellostreaming2": {
			"link": "https://ilgeniodellostreaming.gold/",
			"is_cloudflare": false,
			"timeout": 8,
			"works": true
		},

		"italiaserie": {
			"link": "https://italiaserie.space/",
			"is_cloudflare": false,
			"timeout": 8,
			"works": true
		},

		"piratestreaming": {
			"link": "https://www.piratestreaming.guru/",
			"is_cloudflare": false,
			"timeout": 8,
			"works": true
		},

		"serietvu": {
			"link": "https://www.serietvu.link/",
			"is_cloudflare": false,
			"timeout": 8,
			"works": true
		}
	}
}
